p,cx,cy,cz
0,0.703789,-0.754807,0.0821795,0.650779
1,2.92318,-0.09964819999999999,0.304981,0.947131
2,0.43067700000000003,0.545175,-0.466826,0.696317
3,0.953644,0.5153449999999999,-0.5031680000000001,0.693716
4,0.938175,-0.365063,0.655453,0.661144
5,2.02305,0.357481,0.053204800000000003,0.9324040000000001
6,0.504151,-0.101351,-0.6321319999999999,0.768203
7,0.9631709999999999,0.478379,0.403079,0.78018
8,0.9401290000000001,-0.361729,-0.553459,0.750224
9,0.603165,0.16455,0.684751,0.709957
10,0.6187060000000001,0.612621,0.24243,0.752279
11,2.38504,0.373008,0.068695,0.9252819999999999
12,3.94044,-0.1614,-0.244957,0.9560049999999999
13,0.44558400000000004,0.46291899999999997,-0.512111,0.7234970000000001
14,0.8813049999999999,-0.46699700000000005,0.45682399999999995,0.757117
15,3.2696400000000003,-0.376418,0.0563654,0.9247340000000001
16,0.7937270000000001,0.0507263,0.592544,0.8039390000000001
17,4.021809999999999,-0.272403,0.0219503,0.961933
18,0.7478130000000001,-0.516836,-0.133116,0.845672
19,0.94068,0.0942512,-0.58906,0.802574
20,0.825859,0.11166400000000001,-0.7280300000000001,0.676391
21,0.727427,-0.242993,-0.484436,0.8404020000000001
22,3.08881,0.14055299999999998,0.301784,0.942959
23,0.49339799999999995,-0.504676,0.542149,0.671846
24,0.41255200000000003,-0.84564,0.21551900000000002,0.488308
25,0.818357,0.275357,-0.44597700000000007,0.8516360000000001
26,0.9247770000000001,0.729495,0.0211583,0.683659
27,3.3680199999999996,0.274039,0.0397137,0.9608979999999999
28,0.7725029999999999,0.546033,-0.0545394,0.835987
29,3.1966200000000002,-0.168747,-0.226737,0.959226
30,0.7404350000000001,-0.39903,-0.528725,0.749149
31,3.13827,0.15317999999999998,0.243155,0.957816
32,2.926,0.283141,-0.0143512,0.9589709999999999
33,0.8942469999999999,0.288044,0.6463949999999999,0.706544
34,0.792122,-0.546532,-0.07852050000000001,0.833749
35,4.07576,0.23963299999999998,0.19291,0.9515049999999999
36,0.513135,-0.603888,-0.44822399999999996,0.659101
37,3.7212400000000003,-0.16491,-0.222097,0.9609770000000001
38,3.58492,0.14946600000000002,0.279289,0.9485030000000001
39,1.19189,0.496637,-0.14294300000000001,0.856107
40,2.47958,-0.171057,0.302213,0.937767
41,1.02319,-0.11424300000000001,0.558419,0.8216549999999999
42,0.494446,-0.43251000000000006,0.455031,0.778384
43,0.697905,-0.707759,-0.0627236,0.7036640000000001
44,2.8469599999999997,-0.11906099999999999,0.33962,0.932997
45,1.61655,0.158354,0.481318,0.862123
46,1.55424,0.0689494,-0.466587,0.881784
47,3.20438,0.326954,-0.0516474,0.943628
48,0.672343,-0.640141,0.14065,0.755273
49,0.729973,0.5421229999999999,-0.20328,0.81534
50,2.42899,0.392092,0.0153299,0.919798
51,3.0815599999999996,0.392598,-0.010917,0.919645
52,0.520702,-0.65228,-0.031076,0.7573409999999999
53,3.89132,-0.141812,0.207517,0.9678979999999999
54,3.59481,0.197913,-0.225771,0.953865
55,2.52212,-0.141377,0.272895,0.951599
56,2.62575,-0.30235700000000004,-0.0267551,0.9528190000000001
57,0.610065,-0.395577,0.553897,0.73261
58,1.04271,-0.60659,-0.11433499999999999,0.78675
59,0.904093,0.526381,0.10703800000000001,0.843484
60,0.8701399999999999,-0.608645,-0.00974128,0.793383
61,0.9915459999999999,-0.37453600000000004,0.306431,0.8751129999999999
62,0.835275,0.282458,0.48085500000000003,0.830058
63,0.673189,-0.185542,-0.618848,0.763283
64,1.25457,0.292988,0.372666,0.880499
65,0.747821,-0.384127,-0.43059,0.816724
66,4.08228,-0.15016,0.206823,0.9667870000000001
67,1.22566,0.273071,-0.615834,0.7390399999999999
68,2.26139,-0.522087,0.101189,0.8468680000000001
69,0.7091390000000001,-0.39468200000000003,0.529158,0.7511439999999999
70,1.50915,-0.518784,-0.048905800000000006,0.853505
71,0.315906,-0.315157,-0.739881,0.59435
72,2.2290400000000004,0.203515,0.318296,0.925889
73,1.1093600000000001,0.206533,-0.671199,0.711924
74,1.15899,0.546104,-0.045721,0.836469
75,0.924846,0.7329180000000001,-0.0745172,0.6762239999999999
76,0.467091,0.6718810000000001,0.5681510000000001,0.475163
77,1.1352799999999998,-0.444801,0.39992300000000003,0.801383
78,1.67203,-0.166113,-0.48793500000000006,0.856928
79,0.591176,-0.438722,-0.578823,0.687377
80,1.00021,-0.325151,-0.390179,0.861416
81,0.813995,0.07613660000000001,-0.596626,0.798899
82,3.9485,-0.27972600000000003,-0.014783500000000002,0.959966
83,1.0004,-0.497638,-0.178733,0.84877
84,0.6023470000000001,-0.22780300000000003,-0.567379,0.791319
85,1.07781,0.402972,-0.43153,0.807091
86,1.48604,0.46297299999999997,-0.424622,0.778044
87,1.7921799999999999,0.310029,-0.350976,0.8835709999999999
88,3.5854,-0.221216,0.264167,0.938765
89,2.44415,-0.301512,0.0114684,0.953393
90,1.43318,0.445032,-0.0646207,0.89318
91,1.09657,0.159519,0.625865,0.763444
92,1.04898,0.590633,-0.172263,0.788339
93,2.94112,-0.143761,0.269318,0.952261
94,1.0635,-0.5702149999999999,-0.043055300000000005,0.820367
95,0.734135,0.676288,0.160497,0.7189399999999999
96,1.10895,0.231434,0.42620600000000003,0.8745209999999999
97,0.548311,-0.481988,0.365744,0.79619
98,0.66062,0.203994,-0.7481140000000001,0.631436
99,3.6576800000000005,-0.100207,-0.263689,0.9593889999999999
100,2.42332,0.198817,-0.29481199999999996,0.934643
101,3.40591,0.314366,5.0501e-05,0.9493020000000001
102,1.3298299999999998,-0.355747,0.324704,0.8763629999999999
103,0.747717,0.283997,0.7328210000000001,0.61832
104,2.72942,0.341314,-0.06917410000000002,0.937401
105,0.613582,-0.395258,-0.5644,0.724723
106,0.534624,0.727534,0.128199,0.673987
107,0.410637,-0.629918,0.560191,0.53795
108,1.25332,0.181483,0.452425,0.873141
109,1.6847400000000001,-0.370868,-0.34144800000000003,0.8636379999999999
110,2.41078,-0.40028600000000003,0.0892444,0.912034
111,0.81517,0.566553,0.139606,0.812113
112,1.78702,0.0889803,-0.391442,0.915891
113,0.778038,-0.0698528,-0.6383949999999999,0.766532
114,0.6471560000000001,-0.36139099999999996,0.485255,0.796194
115,0.375224,-0.124955,-0.867442,0.481592
116,0.5509850000000001,0.38917399999999996,0.535836,0.749282
117,3.0400400000000003,0.314865,0.021959400000000004,0.948882
118,2.8573,-0.340778,0.000352039,0.9401440000000001
119,1.0404799999999998,-0.5594859999999999,0.172242,0.8107449999999999
120,1.91612,0.483033,-0.0391365,0.874727
121,2.8059,0.197414,0.282654,0.938688
122,0.610798,-0.735992,-0.201176,0.646409
123,1.69173,-0.433478,0.140156,0.8901979999999999
124,0.411706,-0.8734620000000001,0.23770100000000002,0.42492700000000005
125,4.071680000000001,0.13676,-0.214178,0.967174
126,1.8658700000000001,0.341251,-0.0211344,0.939735
127,0.763093,0.557479,-0.238477,0.7952020000000001
128,3.3048599999999997,0.323689,0.0761596,0.9430930000000001
129,2.60085,-0.166213,-0.241004,0.9561850000000001
130,0.802445,-0.22682399999999997,0.6080479999999999,0.760808
131,2.90564,-0.225784,0.290152,0.9299639999999999
132,1.30112,-0.271755,-0.381281,0.8836139999999999
133,0.39932,-0.47166800000000003,-0.731224,0.49278900000000003
134,0.782515,-0.521651,0.533561,0.665728
135,2.99385,-0.46838500000000005,-0.027300900000000003,0.883102
136,0.737383,0.573646,-0.13655599999999998,0.8076399999999999
137,0.9965430000000001,0.613851,-0.0264408,0.788979
138,1.17526,-0.107929,-0.47631899999999994,0.872624
139,3.69907,0.175817,0.208846,0.9620139999999999
140,2.05098,-0.22675599999999999,0.264209,0.9374299999999999
141,2.99075,-0.22139499999999998,0.289435,0.931242
142,2.08961,0.252498,0.33315100000000003,0.908436
143,1.34982,-0.136433,-0.667981,0.7315649999999999
144,3.15246,-0.205073,-0.302505,0.930825
145,1.42662,-0.110009,-0.421638,0.900066
146,0.823976,-0.56267,0.17705,0.8075
147,1.3516299999999999,0.167321,-0.371786,0.913115
148,1.80794,0.287082,0.360975,0.887289
149,3.62914,0.176401,0.227343,0.9577040000000001
150,3.95338,-0.140216,0.243416,0.959733
151,1.2712700000000001,0.40720500000000004,-0.034477499999999994,0.9126860000000001
152,3.50545,0.269485,-0.00110797,0.9630040000000001
153,0.362214,0.157573,0.816141,0.5559529999999999
154,0.40827199999999997,0.522031,0.676559,0.5193760000000001
155,0.726287,0.131287,-0.6011449999999999,0.7882819999999999
156,1.06192,-0.630371,-0.166535,0.758221
157,3.63889,-0.347411,0.020659200000000003,0.937485
158,1.2794299999999998,-0.22266100000000003,-0.376932,0.8990799999999999
159,1.9344700000000001,-0.431672,-0.0422488,0.901041
160,3.34732,-0.33924499999999996,-0.0866782,0.9366959999999999
161,0.760617,-0.289954,0.771333,0.5665439999999999
162,1.24013,0.184693,-0.413521,0.8915649999999999
163,0.788139,-0.66661,-0.0253273,0.744977
164,1.12399,-0.281252,-0.399597,0.8724790000000001
165,4.12673,0.122748,0.224556,0.966699
166,0.612672,0.6308739999999999,-0.0178622,0.775679
167,0.8186,-0.126815,0.609492,0.7825840000000001
168,4.056369999999999,0.161306,0.20681300000000002,0.964992
169,2.36864,0.393351,-0.0418267,0.9184370000000001
170,0.858698,-0.692338,0.258461,0.673696
171,0.762264,-0.605356,-0.124319,0.7861859999999999
172,2.07198,-0.19914500000000002,-0.365331,0.909326
173,3.21632,0.155445,-0.31764699999999996,0.9353809999999999
174,1.3486,-0.345868,0.555672,0.756045
175,2.70578,-0.230807,0.246302,0.9413100000000001
176,1.63376,0.270667,-0.428046,0.862274
177,0.789064,0.565288,0.12578599999999998,0.815247
178,0.9609340000000001,-0.276372,-0.449399,0.849505
179,0.979669,0.614171,0.0830125,0.784795
180,2.92665,-0.19196,-0.233658,0.953182
181,3.88786,-0.30087800000000003,0.000543492,0.9536629999999999
182,2.85131,-0.169148,-0.363728,0.916019
183,2.93414,-0.160255,-0.31808800000000004,0.934419
184,3.62828,-0.263291,0.0158604,0.964586
185,1.005,-0.485683,-0.06912180000000001,0.871398
186,1.7855900000000002,-0.178674,-0.540446,0.8221879999999999
187,0.862218,-0.370874,-0.335978,0.865778
188,1.07466,0.468105,0.367927,0.803434
189,2.51957,-0.154162,0.30307,0.940416
190,4.14665,0.11111800000000001,0.227086,0.967515
191,2.5535400000000004,0.30823,-0.0298824,0.950842
192,0.540385,-0.645438,-0.181221,0.742003
193,0.931852,0.516943,0.00792789,0.8559829999999999
194,3.5040699999999996,-0.276254,0.019112999999999998,0.960895
195,0.8635510000000001,-0.316294,0.548446,0.774058
196,0.552979,0.7947420000000001,0.0899071,0.600251
197,3.28108,-0.302346,0.0302317,0.9527190000000001
198,1.92015,0.380384,0.0471795,0.923624
199,3.34754,0.300345,0.00316245,0.953825
200,1.40452,-0.207684,-0.415049,0.885777
201,0.675084,-0.199855,-0.617211,0.760992
202,0.310294,-0.402911,-0.706738,0.5815359999999999
203,0.534449,0.0685663,0.834046,0.547417
204,3.2400599999999997,0.32321500000000003,0.00166757,0.9463239999999999
205,1.18245,0.31297600000000003,-0.669077,0.674079
206,0.801227,0.562566,0.016883000000000002,0.82658
207,4.12372,-0.137121,0.196232,0.970923
208,2.46503,-0.16953900000000002,-0.328602,0.929127
209,2.3509900000000004,-0.184223,-0.340092,0.922171
210,0.502179,-0.537142,-0.6471520000000001,0.540992
211,2.66965,0.181034,-0.295451,0.938049
212,1.6859099999999998,-0.227854,-0.32469899999999996,0.9179620000000001
213,0.622563,0.751606,0.046063400000000004,0.6580020000000001
214,0.935983,0.43139700000000003,0.508524,0.745185
215,0.46657299999999996,-0.565095,-0.513896,0.645429
216,2.83593,0.390413,-0.0575082,0.918842
217,0.747754,-0.41875500000000004,-0.399118,0.815689
218,2.3405099999999996,-0.400814,-0.10008500000000001,0.910676
219,3.19367,-0.13561900000000002,0.351441,0.926335
220,0.871567,0.308185,0.427791,0.849716
221,0.9716239999999999,-0.624175,0.499669,0.6006130000000001
222,0.964042,0.47538500000000006,0.0819531,0.8759520000000001
223,0.576965,0.439008,0.564075,0.6993510000000001
224,0.732158,-0.254948,-0.694136,0.673184
225,0.68198,0.763072,0.335688,0.5523
226,2.56135,-0.147499,-0.270457,0.9513659999999999
227,1.55118,0.345569,0.389441,0.853767
228,0.558566,-0.709353,0.251085,0.658616
229,1.04164,0.07551369999999999,-0.5851529999999999,0.807399
230,4.19846,-0.103539,-0.21991,0.97001
231,1.99744,-0.283238,0.277161,0.918127
232,0.7807970000000001,-0.46288500000000005,0.413601,0.78401
233,1.0203200000000001,0.632733,-0.147593,0.760175
234,1.7431400000000001,-0.21166100000000002,-0.340629,0.916063
235,0.9398629999999999,0.581727,-0.0375954,0.812515
236,0.32868800000000004,0.856979,-0.189156,0.47938100000000006
237,0.768646,0.5164300000000001,-0.0621864,0.8540690000000001
238,1.4574799999999999,0.539826,-0.016688599999999998,0.8416110000000001
239,0.5680609999999999,-0.359325,-0.595799,0.718268
240,0.5081359999999999,-0.787399,-0.088571,0.6100479999999999
241,1.11048,-0.470624,0.0378371,0.8815219999999999
242,2.59905,-0.172209,0.249077,0.95305
243,1.55938,-0.120898,0.507811,0.852943
244,0.621089,-0.5904550000000001,0.028275599999999998,0.806575
245,1.3078,-0.43837,-0.0242858,0.898466
246,2.91532,-0.227129,0.285907,0.930951
247,1.24763,-0.21245300000000003,-0.5912609999999999,0.777994
248,3.7927800000000005,-0.11315499999999999,0.225514,0.9676459999999999
249,0.751722,-0.269504,0.725689,0.633043
250,0.47077600000000003,0.591204,0.59772,0.5414869999999999
251,1.07789,-0.6200100000000001,-0.0679893,0.7816420000000001
252,0.672668,0.268585,-0.511807,0.816037
253,0.751872,-0.234119,0.483803,0.843281
254,1.50547,-0.408549,0.040264,0.911848
255,1.35792,-0.49812,-0.150644,0.853922
256,0.657712,-0.434778,0.526913,0.730295
257,3.6969,-0.329377,-0.0462443,0.9430649999999999
258,0.9993629999999999,0.538301,0.134461,0.831957
259,4.04171,-0.152611,-0.21868,0.9637889999999999
260,1.29952,-0.26532,0.356371,0.895882
261,3.44139,-0.153672,-0.220041,0.963311
262,0.478221,0.41836,0.675094,0.607637
263,0.7577510000000001,-0.17164000000000001,0.51065,0.842482
264,0.53347,-0.411662,-0.635969,0.6527470000000001
265,1.29834,0.213211,-0.366562,0.905634
266,3.26409,-0.41702700000000004,-0.0410269,0.907968
267,3.2829900000000003,0.215216,0.219952,0.9514739999999999
268,2.3625700000000003,0.322573,0.0474191,0.945356
269,0.743263,0.5087470000000001,-0.445988,0.736391
270,1.06002,0.533275,-0.367354,0.762016
271,3.45624,-0.180203,0.279173,0.9431809999999999
272,3.38551,0.372694,-0.0192098,0.9277559999999999
273,1.69285,-0.406982,0.030966300000000002,0.912911
274,2.95643,-0.13489,0.240605,0.9612040000000001
275,2.5470900000000003,-0.344404,-0.011601899999999998,0.93875
276,3.91151,-0.15024400000000002,-0.25467199999999995,0.955284
277,3.15147,0.348927,-0.00844211,0.9371120000000001
278,1.28362,-0.4902,-0.11897200000000001,0.863452
279,1.57992,-0.236688,-0.316242,0.9186780000000001
280,1.8244099999999999,0.22327399999999997,-0.297616,0.9282100000000001
281,1.19126,0.345146,-0.423996,0.837318
282,0.8576090000000001,0.5007119999999999,-0.213236,0.838939
283,0.5795,-0.8341,-0.15886199999999998,0.528242
284,1.63547,0.0970943,0.54661,0.8317389999999999
285,0.591137,-0.13977799999999999,0.6796989999999999,0.72005
286,1.8709900000000002,0.277498,0.41671400000000003,0.8656469999999999
287,0.671391,-0.36186599999999997,-0.746649,0.558182
288,0.5054069999999999,-0.076564,0.892503,0.444496
289,0.875433,0.48384099999999997,0.07352360000000001,0.8720620000000001
290,2.05269,0.158904,0.418009,0.894437
291,0.480761,0.536986,-0.6326609999999999,0.55802
292,0.787455,-0.22537,-0.530654,0.817077
293,3.25313,-0.15553699999999998,-0.231977,0.960206
294,1.5064899999999999,-0.13533199999999998,-0.6580199999999999,0.740739
295,1.39904,-0.270716,-0.403642,0.873948
296,0.626502,0.255601,-0.664999,0.7017439999999999
297,1.35737,0.642462,0.00385041,0.766308
298,1.65737,0.466855,-0.170745,0.8676940000000001
299,1.80834,-0.141966,-0.5366569999999999,0.831772
300,1.03997,-0.508273,-0.045554000000000004,0.8599899999999999
301,3.51464,0.320493,0.0334305,0.9466610000000001
302,0.612437,0.149792,0.8395450000000001,0.5222319999999999
303,1.18997,-0.166932,0.585339,0.7934180000000001
304,1.14123,-0.702098,0.157817,0.694372
305,1.90107,0.191885,0.39874,0.8967649999999999
306,1.0604799999999999,0.210312,0.455691,0.864936
307,3.1659200000000003,-0.15745499999999998,0.23108299999999998,0.960108
308,0.747831,0.540007,0.0953342,0.8362440000000001
309,1.45097,0.212403,-0.47798500000000005,0.8523
310,0.8641709999999999,0.392251,-0.44956999999999997,0.802512
311,3.3164300000000004,0.272755,0.0279654,0.961677
312,1.12005,0.641131,0.214707,0.736785
313,0.600078,-0.6203270000000001,0.00963076,0.784284
314,1.3443,-0.29447399999999996,-0.513045,0.806269
315,4.08384,-0.0835,0.24484499999999998,0.96596
316,0.9109450000000001,0.700009,0.20291199999999998,0.6847
317,2.3254099999999998,-0.205979,-0.398879,0.8935709999999999
318,1.4029399999999999,-0.23893899999999998,0.390426,0.8890870000000001
319,1.66681,0.146674,-0.342656,0.927941
320,1.7284700000000002,-0.397392,0.331085,0.8558399999999999
321,2.12186,0.09922689999999999,-0.361467,0.92709
322,2.81176,-0.15691,-0.284023,0.945891
323,0.9512719999999999,0.272621,0.631102,0.7262149999999999
324,0.591308,-0.195596,-0.6962619999999999,0.690624
325,0.650702,0.8249860000000001,0.177595,0.536524
326,0.704024,-0.44420299999999996,-0.659021,0.606939
327,3.23155,-0.141774,-0.27516,0.950888
328,0.597615,0.687652,-0.0887365,0.720597
329,1.2662,0.447575,0.029249900000000002,0.893768
330,2.39452,-0.175076,-0.43881000000000003,0.881359
331,0.657043,0.22665900000000003,-0.524045,0.8209770000000001
332,3.5148900000000003,0.317913,0.0420392,0.9471870000000001
333,0.8731549999999999,-0.374136,-0.398914,0.837192
334,3.47804,0.32304,-0.0425625,0.945428
335,1.18813,-0.105476,0.610797,0.78473
336,0.5109279999999999,-0.33870500000000003,-0.645714,0.684349
337,3.1918900000000003,-0.101632,-0.27671999999999997,0.9555610000000001
338,2.74189,-0.362215,0.019455,0.931892
339,0.426396,-0.623958,0.6055050000000001,0.49400299999999997
340,0.710313,0.55128,0.523867,0.649349
341,1.05811,0.50579,-0.523885,0.685362
342,0.648987,-0.25632,-0.615162,0.745571
343,3.60837,0.27578600000000003,-0.00513532,0.961205
344,3.7231400000000003,-0.329156,-0.013181899999999998,0.944183
345,2.06946,0.333858,-0.0391272,0.9418110000000001
346,1.29892,-0.328598,-0.40663699999999997,0.85245
347,0.773591,0.410901,0.558132,0.720867
348,0.8540909999999999,0.36408,0.399823,0.841182
349,3.9419,0.27323800000000004,-0.0397138,0.961126
350,0.8060510000000001,0.15904400000000002,-0.5980260000000001,0.785538
351,1.70137,-0.301836,-0.42208599999999996,0.854833
352,0.564332,-0.326423,0.595605,0.733963
353,3.8846,0.150837,-0.21367399999999998,0.96519
354,0.66071,-0.376157,0.579124,0.723271
355,0.745079,0.605329,-0.27060300000000004,0.7485649999999999
356,0.630199,0.5938060000000001,0.133161,0.793513
357,0.764404,-0.33211999999999997,-0.666222,0.667716
358,1.8702599999999998,-0.364454,0.0668423,0.9288190000000001
359,3.6305699999999996,-0.258999,0.030100599999999998,0.965409
360,3.3359199999999998,-0.167844,0.293632,0.941068
361,0.705092,0.257658,0.6559689999999999,0.709449
362,1.87422,-0.235359,0.376753,0.895915
363,0.597933,0.8199879999999999,0.0625624,0.568951
364,0.556198,0.7315470000000001,0.0443371,0.680348
365,0.7186939999999999,0.531146,0.136181,0.8362649999999999
366,3.80085,-0.261488,0.026660900000000005,0.9648389999999999
367,1.06542,-0.0896808,0.668792,0.73802
368,3.21486,-0.166891,0.269892,0.948317
369,0.990158,0.7458739999999999,-0.14469100000000001,0.650181
370,3.9982699999999998,-0.285209,0.00395823,0.958457
371,3.64605,0.256885,-0.019270500000000003,0.96625
372,0.632308,-0.561243,-0.495526,0.662918
373,0.567134,-0.45263400000000004,0.42196999999999996,0.7855340000000001
374,0.7697039999999999,0.38759499999999997,0.589955,0.708324
375,0.8477709999999999,0.41321800000000003,0.44585,0.794021
376,2.8892599999999997,-0.296746,-0.048676699999999996,0.953715
377,2.22348,-0.387506,-0.021209099999999998,0.921623
378,3.49382,0.334968,-0.015704,0.942098
379,0.846391,-0.136384,-0.684476,0.716164
380,1.63812,-0.226212,0.370948,0.9006799999999999
381,0.514597,-0.8425870000000001,0.08582730000000001,0.531678
382,0.6191770000000001,-0.754224,0.225273,0.616765
383,3.13311,0.142843,-0.280604,0.9491350000000001
384,2.12454,0.269332,-0.32243099999999997,0.907468
385,0.656767,0.178912,0.581859,0.793367
386,3.6134,-0.321424,0.0205191,0.9467129999999999
387,0.7006180000000001,-0.441985,0.479642,0.758019
388,2.2894900000000002,-0.24528200000000003,0.491946,0.83536
389,1.48981,0.14205,0.47382799999999997,0.869085
390,1.17115,-0.261847,0.547622,0.7946989999999999
391,1.41937,-0.286889,-0.377823,0.880309
392,0.629209,0.500464,0.48473599999999994,0.717333
393,0.7974859999999999,0.15371300000000002,0.769583,0.6197699999999999
394,1.19086,0.533375,0.204672,0.820744
395,0.85209,0.605834,0.056866999999999994,0.793556
396,1.0752899999999999,-0.251589,-0.400987,0.8808590000000001
397,4.15956,0.0999765,0.237554,0.966216
398,3.70839,-0.108404,-0.25290799999999997,0.961398
399,2.7347,0.22579899999999997,-0.285715,0.931333
400,2.83917,-0.244765,0.23657399999999998,0.9402780000000001
401,2.35414,0.349038,0.0647009,0.9348719999999999
402,0.976217,0.542902,-0.204102,0.814616
403,0.827327,-0.491241,0.5161560000000001,0.701616
404,3.6413900000000003,0.324418,-0.09129889999999999,0.9414969999999999
405,1.81004,-0.496237,-0.10864800000000001,0.8613620000000001
406,0.5264340000000001,0.642362,0.00837848,0.766356
407,0.390866,-0.573121,0.559942,0.598329
408,0.664564,0.611698,-0.257932,0.747861
409,0.607563,0.702531,0.028252999999999997,0.7110920000000001
410,0.8982129999999999,0.257498,-0.763521,0.592225
411,0.9460940000000001,0.619926,0.132002,0.7734770000000001
412,1.34647,0.457991,-0.460221,0.7605529999999999
413,0.48572299999999996,-0.494684,-0.644256,0.583285
414,1.1146,0.576419,-0.07567389999999999,0.813643
415,1.8086200000000001,0.42140600000000006,-0.383604,0.8217450000000001
416,2.36878,0.21524899999999997,0.340882,0.915133
417,3.3893400000000002,-0.158923,0.276325,0.947833
418,1.34589,-0.288471,0.30488200000000004,0.907652
419,3.77326,0.31901199999999996,-0.026188,0.9473889999999999
420,1.0437100000000001,0.486116,0.00854954,0.8738520000000001
421,3.7002300000000004,0.103573,0.239141,0.9654450000000001
422,2.1376,0.177725,0.33203299999999997,0.926373
423,1.42292,0.377121,0.06431669999999999,0.9239280000000001
424,1.05721,-0.502106,-0.5432779999999999,0.672858
425,0.7815449999999999,0.13983199999999998,-0.600636,0.7872
426,2.10263,-0.14530099999999999,-0.355091,0.9234709999999999
427,1.22046,0.33819499999999997,-0.5565140000000001,0.758892
428,0.867032,0.489123,-0.39098,0.779675
429,2.2634,-0.279861,-0.370176,0.8858030000000001
430,0.48447299999999993,-0.8583350000000001,-0.026104000000000002,0.512426
431,1.83923,-0.168037,-0.377686,0.910559
432,3.29958,-0.269298,-0.00693385,0.963032
433,3.42527,0.289594,-0.0417847,0.9562370000000001
434,0.48816800000000005,0.450813,0.5167189999999999,0.727852
435,0.704574,-0.253271,-0.5001760000000001,0.8280559999999999
436,0.399708,-0.6002109999999999,-0.5964470000000001,0.5329149999999999
437,1.40336,0.159126,0.459888,0.873603
438,1.86044,0.428432,0.11398399999999999,0.8963559999999999
439,3.26611,0.41294,0.0326979,0.910171
440,3.73622,0.105281,0.32009899999999997,0.941516
441,1.4766299999999999,-0.119521,-0.402794,0.9074540000000001
442,0.65313,0.155798,0.5900479999999999,0.792193
443,0.599908,-0.668636,0.12979200000000002,0.732175
444,1.43574,0.323424,0.397561,0.8586860000000001
445,1.2572,0.574466,0.240494,0.782401
446,2.83161,0.481663,0.0408591,0.8754040000000001
447,0.512467,0.639365,0.464438,0.612789
448,0.339202,-0.9282370000000001,-0.161832,0.334943
449,0.8593149999999999,-0.18496600000000002,0.751741,0.632988
450,2.9010599999999998,0.117916,-0.309816,0.943456
451,3.50006,0.231531,-0.291164,0.928233
452,1.03325,-0.261175,-0.44699399999999995,0.855561
453,1.88085,-0.348788,-0.34815999999999997,0.870133
454,2.27002,0.145749,0.303942,0.941476
455,1.5686799999999999,0.193564,0.361117,0.9122100000000001
456,0.8291290000000001,-0.780575,-0.0777578,0.620207
457,0.279326,0.365315,-0.743376,0.560301
458,0.655115,0.155162,-0.63084,0.760241
459,2.32856,0.18724100000000002,0.274146,0.943284
460,2.4577400000000003,-0.07902680000000001,-0.427205,0.9006940000000001
461,1.22082,0.5963930000000001,0.174983,0.783388
462,2.42253,-0.09247949999999999,-0.37576,0.922091
463,2.0222700000000002,-0.217723,0.274765,0.936536
464,3.20578,-0.331704,-0.027698300000000002,0.9429770000000001
465,2.28335,0.280328,0.401305,0.871992
466,1.60395,-0.203296,-0.305348,0.9302870000000001
467,0.549709,0.616388,0.00872263,0.7873939999999999
468,0.6621090000000001,0.20834299999999997,0.637182,0.742019
469,0.522716,-0.641504,0.442963,0.626304
470,1.15854,-0.37458800000000003,-0.407893,0.832651
471,1.08615,0.219227,0.6511899999999999,0.726561
472,0.7314390000000001,0.702933,-0.204121,0.681337
473,0.5197729999999999,0.100382,0.715838,0.691013
474,0.6046729999999999,0.7676850000000001,0.18912,0.612286
475,1.07507,-0.0872446,0.763123,0.6403369999999999
476,0.7221810000000001,0.692934,-0.088561,0.715542
477,3.0047200000000003,-0.166919,0.260058,0.9510559999999999
478,3.8383199999999995,0.30844499999999997,0.040667699999999994,0.9503729999999999
479,0.8481700000000001,0.590097,-0.223177,0.775872
480,0.559501,0.26571500000000003,0.6499020000000001,0.712055
481,2.79964,-0.10700699999999999,0.348973,0.931003
482,1.13953,0.2647,-0.648807,0.713431
483,0.39858899999999997,0.734266,-0.243817,0.633567
484,0.967197,-0.233902,0.719217,0.65423
485,1.66842,0.47943,-0.12181700000000001,0.869084
486,3.8273599999999997,0.30413,0.022977,0.9523530000000001
487,0.595921,-0.513745,-0.45756099999999994,0.725744
488,0.758591,-0.11499000000000001,0.545515,0.830175
489,0.46510200000000007,0.78538,-0.33193,0.5224949999999999
490,1.0580399999999999,0.588631,0.083182,0.804111
491,1.0240200000000002,-0.47800699999999996,0.41906099999999996,0.771944
492,0.83641,-0.42463100000000004,0.687875,0.5886560000000001
493,0.9994190000000001,-0.5918979999999999,0.0779561,0.802234
494,0.631138,-0.329271,-0.528732,0.782319
495,0.391086,-0.442276,0.807674,0.389942
496,2.9986,0.326735,-0.101866,0.9396100000000001
497,0.9992120000000001,-0.561236,0.0692322,0.8247549999999999
498,1.44905,0.546741,0.0993448,0.8313870000000001
499,0.5681970000000001,-0.782821,-0.236328,0.575621
500,0.940241,0.18218900000000002,0.531031,0.827534
501,0.523252,0.619366,0.17490999999999998,0.765371
502,2.78248,0.172002,0.290596,0.9412590000000001
503,1.42519,-0.259077,-0.324074,0.9098649999999999
504,0.346649,0.863358,0.116185,0.491033
505,3.6179300000000003,-0.0865388,0.310208,0.946722
506,3.27399,0.16069,0.275358,0.947817
507,0.851554,0.614356,-0.151726,0.774304
508,1.0498299999999998,-0.11145799999999999,0.5259739999999999,0.843166
509,1.06792,0.409051,0.37503400000000003,0.831882
510,0.736694,-0.0947879,-0.7546470000000001,0.6492479999999999
511,3.63365,-0.289668,0.00950002,0.9570799999999999
512,1.52471,-0.207999,0.36549699999999996,0.907275
513,1.1078,0.22801,-0.48332200000000003,0.8452290000000001
514,4.06146,-0.0979998,0.24492399999999998,0.964577
515,0.671938,0.805761,0.215876,0.551495
516,0.572095,0.501743,-0.5284399999999999,0.6848390000000001
517,0.741116,-0.342258,-0.627185,0.699642
518,1.1562700000000001,-0.5012260000000001,0.549769,0.668226
519,1.31398,0.626538,0.213115,0.749688
520,0.664038,-0.524402,-0.576049,0.627033
521,3.7679699999999996,-0.0964375,0.256442,0.9617370000000001
522,3.7355400000000003,-0.160688,-0.286559,0.944491
523,0.523573,-0.679017,0.198069,0.706897
524,0.274839,-0.495471,-0.648165,0.5782649999999999
525,0.365469,-0.45074,-0.782092,0.430309
526,1.11992,-0.148123,-0.555295,0.8183560000000001
527,1.16981,-0.455045,0.155949,0.876706
528,2.97381,0.204311,-0.293234,0.9339540000000001
529,0.808496,-0.173852,-0.48076,0.8594450000000001
530,0.70938,0.404624,0.647525,0.645749
531,0.638776,0.612516,-0.42847399999999997,0.664255
532,2.16381,0.404146,-0.011523899999999998,0.9146219999999999
533,3.90709,0.12829200000000002,0.265908,0.9554229999999999
534,3.96355,0.275077,-0.03485,0.9607899999999999
535,0.803586,0.165698,-0.518281,0.8390049999999999
536,3.27279,-0.34579699999999997,-0.10799700000000001,0.9320729999999999
537,2.93077,-0.07560019999999999,-0.38139,0.9213180000000001
538,0.716719,-0.09535160000000001,-0.750161,0.654345
539,1.06008,-0.25596399999999997,-0.401319,0.879446
540,0.883685,0.318102,-0.43088699999999996,0.8444799999999999
541,0.7745989999999999,0.134499,-0.5596979999999999,0.817709
542,1.04034,-0.709569,-0.10935399999999999,0.696098
543,0.974299,-0.5934619999999999,-0.048395999999999995,0.803405
544,2.17991,-0.12776600000000002,-0.37849099999999997,0.916745
545,0.679647,-0.18829100000000001,0.6983189999999999,0.690577
546,0.9956389999999999,0.382439,-0.358025,0.8517969999999999
547,2.55501,-0.218518,-0.304,0.927272
548,1.01748,-0.230613,0.433658,0.871067
549,2.05308,-0.23550500000000002,0.26158200000000004,0.936009
550,0.651303,0.247214,0.53442,0.808258
551,2.57154,-0.199216,-0.310419,0.929491
552,3.6934199999999997,0.155676,0.309837,0.937959
553,1.57944,-0.42268,-0.08496010000000001,0.9022879999999999
554,4.10147,0.0941066,0.24643600000000002,0.9645790000000001
555,3.22284,-0.31250300000000003,-0.0680017,0.9474799999999999
556,1.5440399999999999,0.393146,-0.348627,0.85082
557,1.69125,0.43841199999999997,0.0656311,0.896375
558,0.742056,-0.574747,-0.111411,0.810712
559,0.605635,-0.651733,0.173905,0.738242
560,1.39466,0.156533,-0.428399,0.889928
561,1.62542,0.226213,-0.321067,0.919643
562,1.7568099999999998,0.20564000000000002,-0.39858699999999997,0.8937790000000001
563,0.62453,0.397808,0.5869300000000001,0.705168
564,3.8107,0.306185,0.041099699999999996,0.951084
565,0.34565300000000004,-0.811156,0.392065,0.433949
566,0.610889,-0.522506,-0.418756,0.7427189999999999
567,3.7070300000000005,-0.145566,-0.282132,0.948268
568,3.7754199999999996,-0.31162199999999995,-0.07545039999999999,0.947206
569,1.9574799999999999,-0.130664,0.339377,0.931531
570,1.46935,-0.107579,0.582978,0.805335
571,3.4327099999999997,-0.323928,-0.0185389,0.9459
572,3.4031,-0.268358,-0.00750843,0.96329
573,0.9367040000000001,0.268284,0.516573,0.813128
574,3.3451400000000002,0.152563,0.241287,0.9583870000000001
575,3.2537,0.13433599999999998,0.281599,0.950082
576,0.354269,-0.5867359999999999,-0.704584,0.39912600000000004
577,1.01528,-0.0883977,0.535433,0.839939
578,3.3198199999999995,0.328745,-0.0219912,0.944163
579,0.9439190000000001,0.333673,-0.45321999999999996,0.826592
580,3.17502,0.16729000000000002,0.226239,0.959599
581,1.19297,-0.681649,-0.13526300000000002,0.719068
582,3.7855199999999996,-0.128925,-0.293702,0.9471629999999999
583,0.689662,-0.544729,0.18270999999999998,0.818466
584,0.5651510000000001,-0.556764,0.544553,0.6272760000000001
585,0.630807,-0.362867,-0.47098100000000004,0.804055
586,0.6457510000000001,-0.837332,0.123825,0.532487
587,1.20535,-0.730269,-0.07193669999999999,0.679361
588,0.739193,-0.585158,0.11080899999999999,0.803313
589,1.0761399999999999,-0.229884,0.409288,0.882971
590,1.8267799999999998,0.179344,-0.3467,0.9206709999999999
591,2.1621900000000003,0.47234899999999996,0.0651524,0.879
592,1.36869,-0.26671999999999996,-0.57022,0.776987
593,2.87797,0.327059,0.00395495,0.944996
594,3.50475,0.30999299999999996,-0.00088255,0.9507389999999999
595,1.04376,-0.245274,-0.448755,0.8593370000000001
596,0.709493,-0.6177739999999999,0.10749500000000001,0.7789739999999999
597,0.620433,0.192544,0.591312,0.7831199999999999
598,1.79382,-0.298592,0.38685,0.8724620000000001
599,2.37025,0.209864,-0.42587600000000003,0.8801059999999999
600,2.54419,-0.329571,0.000320211,0.9441309999999999
601,1.30372,-0.295077,0.480146,0.826069
602,1.90283,-0.181341,-0.323389,0.9287280000000001
603,4.05925,0.261397,-0.025664099999999995,0.9648899999999999
604,1.63719,-0.155613,0.389354,0.907848
605,1.28393,0.365696,0.469742,0.8034979999999999
606,1.1447100000000001,0.13233699999999998,0.732288,0.668013
607,0.325234,0.819174,0.014372399999999999,0.573364
608,1.3142399999999999,0.138969,0.395138,0.908049
609,0.359027,0.46850600000000003,-0.740934,0.48116400000000004
610,1.5463200000000001,0.41946300000000003,0.397981,0.8158810000000001
611,2.88023,-0.109365,-0.27274699999999996,0.95585
612,4.24355,-0.14701199999999998,-0.208244,0.966965
613,3.0988900000000004,-0.28580300000000003,-0.04309469999999999,0.957319
614,3.1097599999999996,-0.280415,-0.0422959,0.958946
615,0.627555,0.626765,-0.39142899999999997,0.673758
616,1.3464200000000002,-0.12901400000000002,-0.40975900000000004,0.9030239999999999
617,1.94103,0.209485,0.29010199999999997,0.933786
618,2.9939,0.17151,0.25874400000000003,0.9505979999999999
619,0.7327859999999999,0.305296,0.5645100000000001,0.766891
620,3.47301,0.104903,0.251868,0.962059
621,1.9645599999999999,-0.19381400000000001,0.312664,0.9298799999999999
622,1.2460200000000001,0.7075640000000001,0.143993,0.691823
623,1.80597,-0.199729,0.320396,0.925989
624,0.765768,0.639372,-0.193673,0.744106
625,3.67138,0.0619727,0.26815300000000003,0.9613809999999999
626,2.46447,-0.330648,-0.0021541,0.943752
627,0.7569279999999999,-0.19993699999999998,0.592825,0.780118
628,1.16178,-0.130777,-0.478048,0.8685430000000001
629,0.784199,0.705246,-0.274541,0.653648
630,1.87627,-0.307637,0.281656,0.908861
631,0.682281,0.46508999999999995,-0.390214,0.794622
632,0.34366599999999997,0.20438,0.7642180000000001,0.611719
633,4.0954,0.104925,-0.228971,0.9677620000000001
634,0.748546,-0.358502,-0.47029099999999996,0.806413
635,0.658582,0.35753,-0.48190900000000003,0.79996
636,1.0865200000000002,0.493295,-0.0685582,0.8671559999999999
637,1.08558,0.5989909999999999,-0.0845692,0.796277
638,2.64082,-0.08697200000000001,0.386164,0.9183209999999999
639,3.4842699999999995,0.16159300000000001,0.317688,0.9343239999999999
640,2.64161,0.34137199999999995,0.0707883,0.9372590000000001
641,3.8338099999999997,-0.14547000000000002,-0.24638200000000002,0.9581930000000001
642,1.46348,-0.0874329,-0.42375,0.9015489999999999
643,0.71599,0.113658,0.56893,0.8144939999999999
644,2.74741,-0.19400699999999999,0.306571,0.931867
645,3.27358,0.282097,0.0383353,0.95862
646,0.627919,0.474517,0.554662,0.683509
647,0.641794,0.318391,0.7055680000000001,0.633088
648,0.589626,0.32597600000000004,-0.5087119999999999,0.7968390000000001
649,1.49704,-0.3108,0.45331899999999997,0.835407
650,0.486279,-0.0822816,0.815749,0.572523
651,2.2017700000000002,0.416483,-0.0838001,0.905273
652,3.99571,-0.131492,-0.20820300000000003,0.9692069999999999
653,0.592866,-0.326938,0.620521,0.712787
654,1.33204,0.22074899999999997,0.354694,0.9085489999999999
655,2.5842099999999997,-0.132443,0.324358,0.936617
656,1.03423,0.35463,0.401028,0.8446379999999999
657,0.923256,0.643018,0.130134,0.754713
658,0.685455,-0.155827,-0.610222,0.776754
659,2.04867,0.09665510000000001,0.361566,0.927323
660,3.05803,0.16042599999999999,0.373188,0.9137799999999999
661,2.90009,-0.14136500000000002,-0.404179,0.90369
662,0.990714,-0.490097,0.028953800000000002,0.871187
663,0.37953200000000004,0.7435109999999999,0.248498,0.620839
664,1.49163,-0.263911,0.42848100000000006,0.86415
665,1.1989299999999998,0.45520900000000003,-0.008607799999999999,0.890343
666,2.66738,0.402172,-0.0348952,0.914899
667,1.115,-0.460495,0.0415585,0.886689
668,0.771462,-0.172122,-0.5359229999999999,0.826536
669,4.197369999999999,-0.120249,-0.19917200000000002,0.9725590000000001
670,0.9026370000000001,0.702325,0.034322399999999996,0.711029
671,0.5755,-0.41623000000000004,-0.579433,0.700721
672,0.26514299999999996,-0.926802,-0.265638,0.265471
673,1.2584899999999999,0.19028499999999998,0.620225,0.760995
674,0.700693,-0.492141,0.5468029999999999,0.677351
675,2.2433099999999997,-0.132931,-0.301091,0.944285
676,3.96003,-0.281359,0.041795099999999995,0.958692
677,0.432119,-0.133866,-0.743401,0.655313
678,1.22138,-0.50015,-0.0727304,0.8628790000000001
679,4.067080000000001,0.253632,0.027274,0.966916
680,3.6405800000000004,0.278756,0.23500700000000002,0.931164
681,0.9723709999999999,-0.25053400000000003,-0.54137,0.8025899999999999
682,0.6575949999999999,0.454784,0.4246,0.782871
683,0.868331,-0.39006799999999997,-0.347767,0.8525870000000001
684,3.11139,-0.11586199999999999,0.261073,0.958341
685,1.15631,-0.198519,0.530913,0.823845
686,0.387844,-0.674828,-0.57371,0.464182
687,1.80141,-0.25531,0.381683,0.888332
688,0.6617310000000001,-0.248777,0.519992,0.817141
689,0.929803,-0.22199499999999997,-0.494225,0.840512
690,0.651812,0.46306899999999995,-0.43868999999999997,0.770141
691,0.45716,0.205754,0.6614180000000001,0.7212430000000001
692,1.51136,0.126116,0.41298999999999997,0.901961
693,0.790547,-0.724882,0.016744799999999997,0.688669
694,1.37835,-0.232948,0.448424,0.8629319999999999
695,2.70225,-0.134706,0.263797,0.955126
696,0.7578779999999999,-0.596421,-0.10523099999999999,0.795744
697,0.836066,0.203343,0.44047200000000003,0.8744350000000001
698,0.611182,0.41923,-0.5669890000000001,0.709063
699,2.46103,-0.36340900000000004,-0.101566,0.926077
700,0.728477,0.644944,0.116078,0.755363
701,0.668048,0.625613,-0.13283,0.768742
702,0.706821,0.652095,-0.21086,0.728224
703,0.501236,0.7519859999999999,0.281138,0.596221
704,3.31986,0.11427999999999999,-0.261522,0.958408
705,1.38765,-0.10951500000000002,0.480254,0.870266
706,0.9218729999999999,-0.49267,-0.431371,0.755775
707,1.9141599999999999,-0.407746,0.0271782,0.912691
708,1.06985,0.537738,-0.00668072,0.8430850000000001
709,1.21695,0.436112,-0.109241,0.8932370000000001
710,0.630534,0.504467,-0.492762,0.709012
711,1.29315,-0.631764,-0.12019,0.765786
712,0.818326,-0.196627,-0.5077659999999999,0.838756
713,2.88539,-0.275321,0.256382,0.926535
714,0.709328,0.718019,0.221746,0.659756
715,2.89798,-0.337888,0.030458,0.940693
716,4.08702,-0.09925880000000001,0.22339,0.9696620000000001
717,0.772369,0.544825,-0.00215058,0.8385469999999999
718,3.2305900000000003,0.30475599999999997,0.058552099999999996,0.9506290000000001
719,3.9639,0.26359499999999997,0.0197956,0.9644299999999999
720,0.693013,0.49099899999999996,-0.5778409999999999,0.651936
721,1.2439200000000001,0.140587,-0.46551000000000003,0.8738049999999999
722,1.02714,0.24163800000000002,0.65749,0.713665
723,0.461233,-0.622791,0.528459,0.576943
724,3.85635,-0.305412,0.0167741,0.952073
725,0.383676,0.197123,-0.783556,0.589222
726,0.48553199999999996,-0.720705,0.028485700000000003,0.692657
727,1.38963,-0.340971,0.298246,0.891509
728,0.713421,-0.130572,-0.543035,0.8294959999999999
729,0.778886,-0.255019,0.49631800000000004,0.829839
730,0.8809170000000001,-0.16028599999999998,0.587643,0.793085
731,0.874101,-0.23840300000000003,0.656895,0.715299
732,1.67097,-0.37401599999999996,0.09890750000000001,0.922133
733,0.48172200000000004,-0.39873600000000003,-0.630469,0.665972
734,4.11321,-0.248896,0.0262551,0.968174
735,2.75762,0.300504,0.307421,0.9028780000000001
736,0.6782560000000001,-0.6066010000000001,0.429795,0.668814
737,3.6244,-0.285627,0.019776,0.9581370000000001
738,3.24114,-0.266768,0.0236897,0.96347
739,0.9159450000000001,-0.1812,-0.663762,0.7256630000000001
740,3.17418,0.215508,0.334629,0.917377
741,0.488271,-0.848949,0.00191518,0.528472
742,0.772636,-0.179725,-0.524732,0.8320790000000001
743,1.99475,-0.201352,-0.271519,0.941135
744,0.948866,0.468315,0.0942057,0.878525
745,0.422742,0.711905,0.192448,0.675392
746,2.62037,0.412475,0.051263800000000005,0.909525
747,0.71519,-0.51189,-0.455121,0.728584
748,0.531854,0.698125,0.092783,0.709938
749,4.08374,0.140378,0.214614,0.966558
750,3.57246,0.35012,0.00219233,0.936702
751,3.53005,0.263419,0.0269084,0.964306
752,1.10433,-0.181123,-0.6857800000000001,0.704911
753,1.98803,-0.20969899999999997,-0.345614,0.914646
754,2.0927599999999997,0.520501,0.12955999999999998,0.843975
755,3.52466,-0.12596300000000002,0.347092,0.929334
756,1.60589,-0.49475,-0.150344,0.855932
757,3.99294,0.15541300000000002,0.215498,0.964058
758,3.10445,0.11216300000000001,-0.304923,0.945749
759,3.73835,-0.323789,0.05259199999999999,0.944667
760,3.6770400000000003,-0.106053,0.250502,0.96229
761,0.7003560000000001,-0.489134,-0.422962,0.762792
762,1.85617,-0.406953,0.0878447,0.909216
763,1.7785900000000001,-0.39150799999999997,0.017981,0.919999
764,0.707691,0.495338,0.429544,0.755071
765,2.04331,-0.147715,0.48465,0.862145
766,3.4795800000000003,0.27415,-0.0220173,0.961435
767,0.701562,0.583291,0.42255600000000004,0.693699
768,3.05694,-0.326962,0.026097700000000005,0.944677
769,3.6789400000000003,-0.26197600000000004,-0.00210295,0.9650719999999999
770,4.17329,0.140584,0.19155999999999998,0.97136
771,1.23231,0.429725,0.107101,0.8965850000000001
772,3.4283,-0.329335,-0.00350425,0.944207
773,4.10109,-0.246321,-0.028077099999999997,0.968781
774,1.18028,-0.440683,0.10470399999999999,0.8915360000000001
775,2.57576,-0.364081,0.100477,0.925932
776,3.28038,0.162244,0.321581,0.9328780000000001
777,3.1292,0.188351,0.309899,0.931926
778,0.250765,-0.23266199999999998,-0.8649610000000001,0.444646
779,3.54019,-0.115292,0.261921,0.9581780000000001
780,3.8172099999999998,0.293931,-0.013912700000000002,0.955725
781,0.6847979999999999,-0.388316,0.41181999999999996,0.8243879999999999
782,3.95298,0.132419,-0.24831399999999998,0.959586
783,3.58225,-0.35644699999999996,-0.019635,0.934109
784,1.11579,-0.261519,-0.39962,0.8785850000000001
785,1.0668799999999998,-0.545045,0.0709515,0.835399
786,0.962591,0.41559700000000005,-0.482868,0.77079
787,0.835981,-0.37041799999999997,-0.577324,0.7276590000000001
788,4.0022400000000005,-0.264479,-0.0402311,0.9635520000000001
789,0.8510989999999999,0.062438,0.5459649999999999,0.835478
790,0.481835,0.151587,0.729708,0.666744
791,0.620135,-0.309769,0.509216,0.802959
792,3.26281,0.197696,0.364714,0.90989
793,2.6986,-0.155974,-0.34094800000000003,0.927053
794,2.5407900000000003,0.281075,-0.245883,0.927652
795,2.77482,-0.185877,-0.30144499999999996,0.93519
796,0.861611,0.623054,0.204061,0.755091
797,3.18004,0.102575,0.267876,0.9579780000000001
798,1.8537299999999999,-0.408922,-0.0612231,0.9105129999999999
799,1.20751,0.236186,-0.459002,0.8564649999999999
800,0.574013,-0.321654,-0.668227,0.670828
801,0.911308,0.677215,-0.0277536,0.7352609999999999
802,1.1429200000000002,-0.491271,0.0491085,0.8696209999999999
803,0.761351,0.192601,0.526721,0.827931
804,2.39778,-0.344912,-0.038742,0.9378350000000001
805,4.17915,-0.130187,-0.19931600000000002,0.971249
806,3.50198,-0.202992,-0.308681,0.9292530000000001
807,3.34511,0.27418400000000004,-0.0302038,0.961203
808,4.05202,0.102716,0.256374,0.9611049999999999
809,0.800225,0.376418,-0.7127680000000001,0.591838
810,1.39831,-0.40573200000000004,0.06988380000000001,0.911316
811,0.45619799999999994,-0.137925,0.773885,0.618125
812,0.9190200000000001,-0.52345,0.214772,0.824544
813,4.0868199999999995,0.253612,-0.024190599999999996,0.9670030000000001
814,3.02752,0.193037,0.238443,0.951778
815,3.63109,0.157579,0.22108899999999998,0.9624389999999999
816,1.7619900000000002,-0.24187899999999998,-0.290041,0.9259430000000001
817,0.692584,0.666218,-0.13403199999999998,0.733614
818,0.811588,-0.416758,-0.547719,0.725477
819,0.810052,0.30320199999999997,0.504973,0.808128
820,0.719819,-0.303935,-0.7811739999999999,0.5453359999999999
821,1.47889,-0.12111199999999998,-0.453956,0.882755
822,0.842327,0.20691199999999998,-0.49516499999999997,0.8438
823,0.707911,0.7834220000000001,0.169631,0.597893
824,2.7135700000000003,-0.416655,0.00194586,0.909063
825,3.4003900000000002,-0.0887962,0.31119,0.94619
826,2.39797,0.16598800000000002,0.394391,0.903827
827,3.4111300000000004,-0.265315,0.270575,0.925417
828,1.2466700000000002,0.5349729999999999,0.08906389999999999,0.8401620000000001
829,0.544818,-0.225109,-0.5719529999999999,0.788794
830,0.55096,0.42624399999999996,-0.47787299999999994,0.768084
831,2.14485,-0.321765,0.0427229,0.9458549999999999
832,1.53911,0.21868800000000002,0.344317,0.9130280000000001
833,2.33427,0.48865600000000003,-0.0517,0.870943
834,0.51213,0.364726,-0.5486850000000001,0.7522760000000001
835,2.8523400000000003,0.115979,0.267571,0.956533
836,0.626591,-0.521714,0.609065,0.5973729999999999
837,2.81671,-0.282408,-0.297603,0.911964
838,2.64636,-0.205569,0.21738600000000002,0.9541930000000001
839,3.08548,0.210378,0.320806,0.923485
840,1.9110599999999998,0.24035399999999998,-0.47698900000000005,0.845406
841,0.333275,-0.271308,0.78084,0.562743
842,1.22938,0.19909200000000002,0.41672600000000004,0.886962
843,2.66531,-0.102798,0.351085,0.9306840000000001
844,1.92413,0.449481,-0.06707339999999999,0.890768
845,1.4243299999999999,0.311531,0.296272,0.902868
846,1.8771400000000003,-0.0885189,-0.594018,0.799567
847,0.737024,-0.531201,0.21188600000000002,0.8203229999999999
848,0.796653,0.318632,-0.438201,0.840508
849,2.30675,-0.189487,-0.407488,0.893335
850,2.8298099999999997,0.187493,0.24084299999999997,0.952282
851,0.602295,0.713448,0.126167,0.6892560000000001
852,2.55083,-0.400099,0.017621,0.9163030000000001
853,0.663872,0.14605,-0.54779,0.8237690000000001
854,1.17708,0.347871,0.52745,0.7751020000000001
855,1.71479,0.157144,0.345629,0.925119
856,3.9563699999999997,0.276936,-0.0329039,0.960325
857,1.77787,0.453776,-0.342586,0.8226319999999999
858,0.473034,0.7041390000000001,0.5249729999999999,0.478113
859,1.68786,0.270071,0.42718199999999995,0.8628889999999999
860,1.1604299999999999,-0.291633,-0.48411899999999997,0.8249719999999999
861,0.8639459999999999,0.441338,-0.610344,0.6578
862,0.347222,0.741438,-0.22080500000000003,0.633652
863,1.00263,0.135855,0.533008,0.835132
864,0.858663,0.5408430000000001,0.23101999999999998,0.808776
865,1.32434,0.407561,-0.00892894,0.913134
866,1.08936,-0.35901900000000003,-0.48661499999999996,0.7964359999999999
867,1.59994,0.180112,-0.367767,0.912308
868,0.98124,-0.516957,-0.11538,0.8482
869,2.55018,0.35785500000000003,-0.10069199999999999,0.928333
870,3.1444400000000003,0.101884,0.292525,0.950815
871,0.686004,-0.132224,-0.7118800000000001,0.689742
872,3.82479,-0.299077,0.0144319,0.9541200000000001
873,4.06123,0.254116,-0.0295932,0.9667209999999999
874,0.629738,0.31164400000000003,-0.504746,0.805052
875,1.70318,-0.47919300000000004,-0.00257122,0.877706
876,1.5215100000000001,-0.0864032,-0.45327700000000004,0.887172
877,0.27604,-0.8464659999999999,-0.223759,0.483142
878,4.01663,0.115792,-0.25050500000000003,0.961166
879,0.632961,-0.682335,0.0268264,0.7305470000000001
880,1.7872,0.192521,-0.400997,0.8956209999999999
881,1.45694,0.0870523,-0.456296,0.88556
882,0.943564,-0.176299,-0.442251,0.879393
883,1.4869700000000001,-0.528564,-0.157916,0.834076
884,1.05114,0.187166,-0.547813,0.815395
885,0.826105,0.138078,-0.534538,0.8337889999999999
886,0.726073,0.554524,-0.12316700000000001,0.823003
887,0.700637,-0.493751,0.576587,0.650967
888,2.26419,-0.403097,-0.0955916,0.910151
889,3.4318699999999995,-0.117148,0.23364899999999997,0.9652379999999999
890,2.5769900000000003,-0.302552,0.263392,0.916017
891,3.18473,-0.405779,-0.053773400000000006,0.9123879999999999
892,1.6551,0.42858599999999997,0.07566239999999999,0.900327
893,0.600927,-0.219255,0.704847,0.674625
894,3.9835199999999995,-0.172074,0.216219,0.9610620000000001
895,0.9838629999999999,-0.6273029999999999,-0.14086600000000002,0.76593
896,1.38809,0.517067,0.043752099999999995,0.854826
897,0.930235,0.669082,-0.0951924,0.737067
898,0.593446,0.775429,-0.12479200000000001,0.618981
899,0.843002,-0.137902,0.682232,0.718013
900,0.6529699999999999,-0.15700899999999998,-0.583125,0.7970649999999999
901,1.68576,-0.102021,-0.4734,0.874919
902,2.87423,0.330949,0.06906110000000001,0.941118
903,1.79312,0.221417,0.29239,0.930313
904,2.63236,-0.32516799999999996,0.33114,0.885783
905,1.29311,0.33538,0.31354499999999996,0.888375
906,0.858194,0.6484840000000001,0.179334,0.7398020000000001
907,1.19545,0.464315,-0.0622518,0.8834799999999999
908,3.46061,0.37900100000000003,0.0905835,0.920952
909,0.649203,-0.51122,0.54965,0.6607109999999999
910,2.21457,0.528664,-0.140472,0.8371270000000001
911,1.10148,0.572883,-0.00183122,0.819635
912,3.34524,0.170847,0.248021,0.95357
913,1.11622,-0.22337600000000002,0.6406609999999999,0.734614
914,2.38809,-0.403388,0.0454464,0.9139
915,2.77632,0.161777,0.280273,0.94619
916,1.63276,-0.37482600000000005,0.0360173,0.9263950000000001
917,0.50598,0.233841,-0.665606,0.7087220000000001
918,2.77956,-0.13525399999999999,0.263912,0.955017
919,4.14503,-0.269854,-0.022407299999999998,0.9626399999999999
920,4.15094,0.102475,-0.22383499999999998,0.969225
921,4.02647,0.271767,0.028911900000000004,0.961929
922,3.46026,-0.117198,-0.233094,0.965366
923,4.10473,-0.12955,-0.21714499999999998,0.967505
924,0.581062,0.611007,-0.49682299999999996,0.616309
925,2.97136,0.195991,-0.24607600000000002,0.9492280000000001
926,0.274859,-0.244009,-0.865024,0.43839799999999995
927,0.8767879999999999,-0.169071,-0.472811,0.864792
928,0.5484479999999999,0.40228200000000003,-0.640153,0.654503
929,3.9063199999999996,-0.28780700000000004,-0.048118,0.9564790000000001
930,0.838518,0.5972390000000001,0.0337335,0.801354
931,0.7752100000000001,-0.28757,0.5879409999999999,0.756061
932,0.806796,0.677667,0.10994100000000001,0.727104
933,1.10615,0.29003,0.429886,0.855033
934,0.268706,-0.9045139999999999,0.261655,0.33673400000000003
935,2.57652,0.229591,-0.278783,0.932506
936,0.7237520000000001,0.5614819999999999,-0.16408,0.811059
937,1.13161,0.48894799999999994,-0.06996720000000001,0.869502
938,3.85146,-0.303979,-0.00408647,0.9526700000000001
939,0.8331139999999999,-0.507099,-0.443921,0.738772
940,0.800642,-0.140215,0.48227200000000003,0.864728
941,0.622595,-0.62807,0.06920939999999999,0.7750729999999999
942,0.787786,-0.5141020000000001,-0.086461,0.85336
943,2.5602400000000003,-0.0869165,0.354147,0.931142
944,0.614753,-0.177793,-0.690815,0.7008310000000001
945,3.6456699999999995,0.14571099999999998,0.24843200000000001,0.957627
946,1.4069999999999998,0.437537,0.06978580000000001,0.896488
947,0.940408,-0.515498,-0.0946588,0.8516469999999999
948,2.11879,0.420783,-0.0846958,0.903199
949,0.9496389999999999,0.576876,-0.017552500000000002,0.816643
950,0.725748,0.275805,-0.47112299999999996,0.8378389999999999
951,2.98463,0.329777,0.00580351,0.944041
952,0.573964,-0.476505,-0.55975,0.677955
953,1.15056,0.5606899999999999,-0.11521300000000001,0.8199709999999999
954,0.706813,0.722301,0.0343481,0.6907260000000001
955,1.4980799999999999,0.407209,-0.121477,0.90522
956,0.403258,-0.154166,0.6799109999999999,0.716906
957,1.0622200000000002,-0.6811149999999999,0.273979,0.678983
958,2.63665,-0.145428,0.321702,0.9356059999999999
959,2.8363099999999997,-0.284624,-0.022162400000000002,0.958383
960,1.2025700000000001,-0.273357,0.49689799999999995,0.8236319999999999
961,0.6831699999999999,0.221154,-0.49182600000000004,0.842139
962,1.37166,0.660172,0.16389600000000001,0.733015
963,2.82788,-0.187578,0.269366,0.944593
964,2.03747,0.19581300000000001,-0.282927,0.938941
965,1.73951,0.413576,0.018468400000000003,0.9102819999999999
966,1.4048,0.470102,0.0732114,0.8795700000000001
967,1.0447,-0.29136799999999996,0.43784300000000004,0.8505280000000001
968,1.0787,0.24175500000000003,-0.493001,0.835766
969,0.568358,-0.392705,0.686966,0.611441
970,3.1981599999999997,-0.318117,-0.0806653,0.9446129999999999
971,2.62628,0.327216,-0.0908788,0.9405690000000001
972,0.9663700000000001,-0.307379,0.472867,0.825782
973,0.552029,0.6995020000000001,0.211497,0.682617
974,3.92909,0.103056,0.240063,0.9652719999999999
975,0.5661390000000001,0.177074,-0.689991,0.701824
976,0.488597,0.791118,-0.27455799999999997,0.5465800000000001
977,2.3092799999999998,-0.31096,-0.393805,0.8649979999999999
978,4.04836,-0.14683800000000002,0.219442,0.964512
979,1.01075,0.746581,-0.0695335,0.661651
980,0.9334819999999999,0.53003,0.210689,0.8213879999999999
981,3.66804,0.152281,0.265007,0.9521459999999999
982,1.15418,-0.584659,-0.20158,0.785837
983,4.01675,0.0918921,0.27031,0.9583780000000001
984,0.689693,0.653551,-0.175303,0.736302
985,1.10425,0.20505900000000002,-0.453133,0.8675379999999999
986,0.65613,-0.39019000000000004,-0.47922600000000004,0.7861899999999999
987,2.92104,0.207858,0.319229,0.924602
988,1.26146,0.428037,-0.109036,0.8971600000000001
989,0.43999099999999997,0.6996829999999999,0.281175,0.656798
990,0.607928,0.258085,0.755321,0.6023970000000001
991,2.80037,-0.374675,-0.045017,0.926063
992,1.33754,0.303185,0.308622,0.9015719999999999
993,4.00588,-0.263786,0.0229759,0.964307
994,1.30249,0.417261,-0.066205,0.906372
995,0.9953420000000001,-0.345571,-0.398364,0.8496389999999999
996,0.8557969999999999,0.124508,0.482716,0.8668809999999999
997,1.2705600000000001,0.6084229999999999,-0.0973197,0.787623
998,3.89755,-0.297016,-0.0126272,0.9547889999999999
999,0.840741,0.598683,0.17490899999999998,0.781655
